[
{
   "model": "contenttypes.contenttype",
   "pk": 1,
   "fields": {
      "app_label": "admin",
      "model": "logentry"
   }
},
{
   "model": "contenttypes.contenttype",
   "pk": 2,
   "fields": {
      "app_label": "auth",
      "model": "permission"
   }
},
{
   "model": "contenttypes.contenttype",
   "pk": 3,
   "fields": {
      "app_label": "auth",
      "model": "group"
   }
},
{
   "model": "contenttypes.contenttype",
   "pk": 4,
   "fields": {
      "app_label": "auth",
      "model": "user"
   }
},
{
   "model": "contenttypes.contenttype",
   "pk": 5,
   "fields": {
      "app_label": "contenttypes",
      "model": "contenttype"
   }
},
{
   "model": "contenttypes.contenttype",
   "pk": 6,
   "fields": {
      "app_label": "sessions",
      "model": "session"
   }
},
{
   "model": "contenttypes.contenttype",
   "pk": 7,
   "fields": {
      "app_label": "landing",
      "model": "subscriber"
   }
},
{
   "model": "contenttypes.contenttype",
   "pk": 8,
   "fields": {
      "app_label": "products",
      "model": "product"
   }
},
{
   "model": "contenttypes.contenttype",
   "pk": 9,
   "fields": {
      "app_label": "products",
      "model": "productcategory"
   }
},
{
   "model": "contenttypes.contenttype",
   "pk": 10,
   "fields": {
      "app_label": "products",
      "model": "productimage"
   }
},
{
   "model": "contenttypes.contenttype",
   "pk": 11,
   "fields": {
      "app_label": "orders",
      "model": "productinbasket"
   }
},
{
   "model": "contenttypes.contenttype",
   "pk": 12,
   "fields": {
      "app_label": "orders",
      "model": "order"
   }
},
{
   "model": "contenttypes.contenttype",
   "pk": 13,
   "fields": {
      "app_label": "orders",
      "model": "productinorder"
   }
},
{
   "model": "contenttypes.contenttype",
   "pk": 14,
   "fields": {
      "app_label": "orders",
      "model": "status"
   }
},
{
   "model": "sessions.session",
   "pk": "0gu4m3vagocp5kglvyk2k3hdd1joj2sy",
   "fields": {
      "session_data": "ZjFjNDg0NGE5YTJiMWUxNTU4OTZiOTE0ZDc3OGM1ODQ3MzMxY2E3ZTp7Il9hdXRoX3VzZXJfaWQiOiIxIiwiX2F1dGhfdXNlcl9iYWNrZW5kIjoiZGphbmdvLmNvbnRyaWIuYXV0aC5iYWNrZW5kcy5Nb2RlbEJhY2tlbmQiLCJfYXV0aF91c2VyX2hhc2giOiJjNmJmY2RhZmM3ZjlmNjdlOWE1N2Y1ZjhlMTIwMjRhYjE1ZDgzODk4In0=",
      "expire_date": "2017-11-26T23:47:24.203Z"
   }
},
{
   "model": "sessions.session",
   "pk": "7pi1urwsg9oleuxukkh1sm7rwxp6ozpn",
   "fields": {
      "session_data": "ZjFjNDg0NGE5YTJiMWUxNTU4OTZiOTE0ZDc3OGM1ODQ3MzMxY2E3ZTp7Il9hdXRoX3VzZXJfaWQiOiIxIiwiX2F1dGhfdXNlcl9iYWNrZW5kIjoiZGphbmdvLmNvbnRyaWIuYXV0aC5iYWNrZW5kcy5Nb2RlbEJhY2tlbmQiLCJfYXV0aF91c2VyX2hhc2giOiJjNmJmY2RhZmM3ZjlmNjdlOWE1N2Y1ZjhlMTIwMjRhYjE1ZDgzODk4In0=",
      "expire_date": "2017-11-26T21:09:44.746Z"
   }
},
{
   "model": "sessions.session",
   "pk": "cbddlwij1fuqaa278hzjg5x64fvxbtc5",
   "fields": {
      "session_data": "ZjFjNDg0NGE5YTJiMWUxNTU4OTZiOTE0ZDc3OGM1ODQ3MzMxY2E3ZTp7Il9hdXRoX3VzZXJfaWQiOiIxIiwiX2F1dGhfdXNlcl9iYWNrZW5kIjoiZGphbmdvLmNvbnRyaWIuYXV0aC5iYWNrZW5kcy5Nb2RlbEJhY2tlbmQiLCJfYXV0aF91c2VyX2hhc2giOiJjNmJmY2RhZmM3ZjlmNjdlOWE1N2Y1ZjhlMTIwMjRhYjE1ZDgzODk4In0=",
      "expire_date": "2017-11-25T15:41:14.328Z"
   }
},
{
   "model": "sessions.session",
   "pk": "cocvonnrl3mtys0u05m4ut9u4pgqgpvu",
   "fields": {
      "session_data": "ZGE0NzZjZTU0ZDY5ZWVkY2MyZjAxYWE4YWE0OWJiMmIwNjU3MWM2YTp7fQ==",
      "expire_date": "2017-12-03T10:22:49.864Z"
   }
},
{
   "model": "sessions.session",
   "pk": "giv4s333eny5h5krg6lawazc3aj625sa",
   "fields": {
      "session_data": "ZjFjNDg0NGE5YTJiMWUxNTU4OTZiOTE0ZDc3OGM1ODQ3MzMxY2E3ZTp7Il9hdXRoX3VzZXJfaWQiOiIxIiwiX2F1dGhfdXNlcl9iYWNrZW5kIjoiZGphbmdvLmNvbnRyaWIuYXV0aC5iYWNrZW5kcy5Nb2RlbEJhY2tlbmQiLCJfYXV0aF91c2VyX2hhc2giOiJjNmJmY2RhZmM3ZjlmNjdlOWE1N2Y1ZjhlMTIwMjRhYjE1ZDgzODk4In0=",
      "expire_date": "2017-11-23T20:35:44.270Z"
   }
},
{
   "model": "sessions.session",
   "pk": "lxdraamv23c3xvywem0iuu8a35j2jqm4",
   "fields": {
      "session_data": "ZjFjNDg0NGE5YTJiMWUxNTU4OTZiOTE0ZDc3OGM1ODQ3MzMxY2E3ZTp7Il9hdXRoX3VzZXJfaWQiOiIxIiwiX2F1dGhfdXNlcl9iYWNrZW5kIjoiZGphbmdvLmNvbnRyaWIuYXV0aC5iYWNrZW5kcy5Nb2RlbEJhY2tlbmQiLCJfYXV0aF91c2VyX2hhc2giOiJjNmJmY2RhZmM3ZjlmNjdlOWE1N2Y1ZjhlMTIwMjRhYjE1ZDgzODk4In0=",
      "expire_date": "2017-11-24T23:02:00.194Z"
   }
},
{
   "model": "sessions.session",
   "pk": "peman2tgito4g13540y78af0yhjjx4bk",
   "fields": {
      "session_data": "ZjFjNDg0NGE5YTJiMWUxNTU4OTZiOTE0ZDc3OGM1ODQ3MzMxY2E3ZTp7Il9hdXRoX3VzZXJfaWQiOiIxIiwiX2F1dGhfdXNlcl9iYWNrZW5kIjoiZGphbmdvLmNvbnRyaWIuYXV0aC5iYWNrZW5kcy5Nb2RlbEJhY2tlbmQiLCJfYXV0aF91c2VyX2hhc2giOiJjNmJmY2RhZmM3ZjlmNjdlOWE1N2Y1ZjhlMTIwMjRhYjE1ZDgzODk4In0=",
      "expire_date": "2017-11-28T22:42:05.223Z"
   }
},
{
   "model": "sessions.session",
   "pk": "vi51ie20196dyshcc90tj04kf3zhlqwf",
   "fields": {
      "session_data": "ZGE0NzZjZTU0ZDY5ZWVkY2MyZjAxYWE4YWE0OWJiMmIwNjU3MWM2YTp7fQ==",
      "expire_date": "2017-12-03T09:06:52.259Z"
   }
},
{
   "model": "sessions.session",
   "pk": "z4df9n3fxw3mooflq80hgp4tmvebh0zk",
   "fields": {
      "session_data": "ZjFjNDg0NGE5YTJiMWUxNTU4OTZiOTE0ZDc3OGM1ODQ3MzMxY2E3ZTp7Il9hdXRoX3VzZXJfaWQiOiIxIiwiX2F1dGhfdXNlcl9iYWNrZW5kIjoiZGphbmdvLmNvbnRyaWIuYXV0aC5iYWNrZW5kcy5Nb2RlbEJhY2tlbmQiLCJfYXV0aF91c2VyX2hhc2giOiJjNmJmY2RhZmM3ZjlmNjdlOWE1N2Y1ZjhlMTIwMjRhYjE1ZDgzODk4In0=",
      "expire_date": "2017-11-28T22:12:25.050Z"
   }
},
{
   "model": "landing.subscriber",
   "pk": 1,
   "fields": {
      "email": "fedenko.misha@yandex.ua",
      "name": "moris"
   }
},
{
   "model": "landing.subscriber",
   "pk": 2,
   "fields": {
      "email": "fedenkomisha@gmail.com",
      "name": "Mykhailo"
   }
},
{
   "model": "landing.subscriber",
   "pk": 3,
   "fields": {
      "email": "fedenkooksana@gmail.com",
      "name": "Oksana"
   }
},
{
   "model": "products.productcategory",
   "pk": 1,
   "fields": {
      "name": "\u0422\u0435\u043b\u0435\u0444\u043e\u043d\u0438",
      "is_active": true
   }
},
{
   "model": "products.productcategory",
   "pk": 2,
   "fields": {
      "name": "\u041d\u043e\u0443\u0442\u0431\u0443\u043a\u0438",
      "is_active": true
   }
},
{
   "model": "products.product",
   "pk": 1,
   "fields": {
      "name": "Apple iPhone 8 256 \u0413\u0411",
      "price": "27299.00",
      "discount": 10,
      "category": 2,
      "short_discription": "",
      "discription": "\u0421\u0430\u043c\u044b\u0435 \u043b\u0443\u0447\u0448\u0438\u0435 \u0441\u043c\u0430\u0440\u0442\u0444\u043e\u043d\u044b \u0432 \u0441\u0432\u0435\u0436\u0435\u043c \u043e\u0431\u043d\u043e\u0432\u043b\u0435\u043d\u0438\u0438 2017 \u0433\u043e\u0434\u0430. \u0423\u0441\u043e\u0432\u0435\u0440\u0448\u0435\u043d\u0441\u0442\u0432\u043e\u0432\u0430\u043d\u043d\u044b\u0439 \u0434\u0438\u0441\u043f\u043b\u0435\u0439, \u0431\u043e\u043b\u0435\u0435 \u043f\u0440\u043e\u0434\u0432\u0438\u043d\u0443\u0442\u0430\u044f \u043a\u0430\u043c\u0435\u0440\u0430, \u043f\u0440\u0438\u043d\u0446\u0438\u043f\u0438\u0430\u043b\u044c\u043d\u043e \u043d\u043e\u0432\u044b\u0439 \u043f\u0440\u043e\u0446\u0435\u0441\u0441\u043e\u0440 \u0441 \u0444\u0443\u043d\u043a\u0446\u0438\u0435\u0439 \u043e\u0431\u0443\u0447\u0435\u043d\u0438\u044f \u0438 \u0441\u0442\u0438\u043b\u044c\u043d\u043e\u0435 \u043f\u0435\u0440\u0435\u043e\u0441\u043c\u044b\u0441\u043b\u0435\u043d\u0438\u0435 \u0437\u043d\u0430\u043c\u0435\u043d\u0438\u0442\u043e\u0433\u043e \u0434\u0438\u0437\u0430\u0439\u043d\u0430: \u0442\u0435\u043f\u0435\u0440\u044c \u0437\u0430\u0434\u043d\u044f\u044f \u0441\u0442\u043e\u0440\u043e\u043d\u0430 \u0410\u0439\u0444\u043e\u043d\u0430 \u2014 \u0438\u0437 \u043f\u0440\u043e\u0447\u043d\u043e\u0433\u043e \u0441\u0442\u0435\u043a\u043b\u0430, \u043e\u0447\u0435\u043d\u044c \u043f\u0440\u043e\u0447\u043d\u043e\u0433\u043e \u0438 \u043e\u0447\u0435\u043d\u044c \u043a\u0440\u0430\u0441\u0438\u0432\u043e\u0433\u043e.",
      "is_active": true,
      "created": "2017-11-10T20:47:47.442Z",
      "updated": "2017-11-10T20:47:47.442Z"
   }
},
{
   "model": "products.product",
   "pk": 2,
   "fields": {
      "name": "Apple iPhone 8 64 \u0413\u0411",
      "price": "23799.00",
      "discount": 0,
      "category": 1,
      "short_discription": "",
      "discription": "\u0421\u0430\u043c\u044b\u0435 \u043b\u0443\u0447\u0448\u0438\u0435 \u0441\u043c\u0430\u0440\u0442\u0444\u043e\u043d\u044b \u0432 \u0441\u0432\u0435\u0436\u0435\u043c \u043e\u0431\u043d\u043e\u0432\u043b\u0435\u043d\u0438\u0438 2017 \u0433\u043e\u0434\u0430. \u0423\u0441\u043e\u0432\u0435\u0440\u0448\u0435\u043d\u0441\u0442\u0432\u043e\u0432\u0430\u043d\u043d\u044b\u0439 \u0434\u0438\u0441\u043f\u043b\u0435\u0439, \u0431\u043e\u043b\u0435\u0435 \u043f\u0440\u043e\u0434\u0432\u0438\u043d\u0443\u0442\u0430\u044f \u043a\u0430\u043c\u0435\u0440\u0430, \u0443\u0434\u0432\u043e\u0435\u043d\u043d\u044b\u0439 \u043e\u0431\u044a\u0435\u043c \u043f\u0430\u043c\u044f\u0442\u0438, \u043f\u0440\u0438\u043d\u0446\u0438\u043f\u0438\u0430\u043b\u044c\u043d\u043e \u043d\u043e\u0432\u044b\u0439 \u043f\u0440\u043e\u0446\u0435\u0441\u0441\u043e\u0440 \u0441 \u0444\u0443\u043d\u043a\u0446\u0438\u0435\u0439 \u043e\u0431\u0443\u0447\u0435\u043d\u0438\u044f \u0438 \u0441\u0442\u0438\u043b\u044c\u043d\u043e\u0435 \u043f\u0435\u0440\u0435\u043e\u0441\u043c\u044b\u0441\u043b\u0435\u043d\u0438\u0435 \u0437\u043d\u0430\u043c\u0435\u043d\u0438\u0442\u043e\u0433\u043e \u0434\u0438\u0437\u0430\u0439\u043d\u0430: \u0442\u0435\u043f\u0435\u0440\u044c \u0437\u0430\u0434\u043d\u044f\u044f \u0441\u0442\u043e\u0440\u043e\u043d\u0430 \u0410\u0439\u0444\u043e\u043d\u0430 \u2014 \u0438\u0437 \u043f\u0440\u043e\u0447\u043d\u043e\u0433\u043e \u0441\u0442\u0435\u043a\u043b\u0430, \u043e\u0447\u0435\u043d\u044c \u043f\u0440\u043e\u0447\u043d\u043e\u0433\u043e \u0438 \u043e\u0447\u0435\u043d\u044c \u043a\u0440\u0430\u0441\u0438\u0432\u043e\u0433\u043e.",
      "is_active": true,
      "created": "2017-11-10T20:49:03.066Z",
      "updated": "2017-11-10T20:49:03.066Z"
   }
},
{
   "model": "products.product",
   "pk": 3,
   "fields": {
      "name": "Apple iPhone X 256 \u0413\u0411",
      "price": "58999.00",
      "discount": 15,
      "category": 1,
      "short_discription": "",
      "discription": "\u042d\u0442\u043e \u043d\u0430\u0441\u0442\u043e\u044f\u0449\u0438\u0439 \u0433\u043e\u043b\u043e\u0441 \u0431\u0443\u0434\u0443\u0449\u0435\u0433\u043e. \u041d\u0435\u0432\u0435\u0440\u043e\u044f\u0442\u043d\u044b\u0439 OLED-\u0434\u0438\u0441\u043f\u043b\u0435\u0439 \u043e\u0442 \u043a\u0440\u0430\u044f \u0434\u043e \u043a\u0440\u0430\u044f, \u043c\u043e\u0449\u043d\u0435\u0439\u0448\u0438\u0439 \u043f\u0440\u043e\u0446\u0435\u0441\u0441\u043e\u0440, \u043f\u0430\u0440\u043d\u044b\u0435 \u043a\u0430\u043c\u0435\u0440\u044b \u0434\u043b\u044f \u0430\u043d\u0430\u043b\u0438\u0437\u0430 \u0433\u043b\u0443\u0431\u0438\u043d\u044b \u0438 \u0440\u0430\u0441\u0441\u0442\u043e\u044f\u043d\u0438\u044f, \u0443\u043d\u0438\u0432\u0435\u0440\u0441\u0430\u043b\u044c\u043d\u044b\u0439 \u0441\u043a\u0430\u043d\u0435\u0440 \u043b\u0438\u0446\u0430, \u0435\u0449\u0435 \u0431\u043e\u043b\u0435\u0435 \u043f\u0440\u043e\u0441\u0442\u043e\u0435 \u0443\u043f\u0440\u0430\u0432\u043b\u0435\u043d\u0438\u0435 \u0438 \u043f\u0440\u0430\u043a\u0442\u0438\u0447\u0435\u0441\u043a\u0438 \u0431\u0435\u0437\u0433\u0440\u0430\u043d\u0438\u0447\u043d\u044b\u0435 \u0432\u043e\u0437\u043c\u043e\u0436\u043d\u043e\u0441\u0442\u0438, \u043a\u043e\u0442\u043e\u0440\u044b\u0435 \u0434\u0430\u0440\u0438\u0442 \u043d\u043e\u0432\u0435\u0439\u0448\u0430\u044f iOS \u0438 \u043c\u0438\u043b\u043b\u0438\u043e\u043d\u044b \u043f\u0440\u0438\u043b\u043e\u0436\u0435\u043d\u0438\u0439, \u0434\u043e\u0441\u0442\u0443\u043f\u043d\u044b\u0445 \u0432 App Store.",
      "is_active": true,
      "created": "2017-11-10T20:50:38.938Z",
      "updated": "2017-11-10T20:50:48.442Z"
   }
},
{
   "model": "products.product",
   "pk": 4,
   "fields": {
      "name": "Apple iPhone X 256 \u0413\u0411",
      "price": "58999.00",
      "discount": 0,
      "category": 1,
      "short_discription": "",
      "discription": "\u042d\u0442\u043e \u043d\u0430\u0441\u0442\u043e\u044f\u0449\u0438\u0439 \u0433\u043e\u043b\u043e\u0441 \u0431\u0443\u0434\u0443\u0449\u0435\u0433\u043e. \u041d\u0435\u0432\u0435\u0440\u043e\u044f\u0442\u043d\u044b\u0439 OLED-\u0434\u0438\u0441\u043f\u043b\u0435\u0439 \u043e\u0442 \u043a\u0440\u0430\u044f \u0434\u043e \u043a\u0440\u0430\u044f, \u043c\u043e\u0449\u043d\u0435\u0439\u0448\u0438\u0439 \u043f\u0440\u043e\u0446\u0435\u0441\u0441\u043e\u0440, \u043f\u0430\u0440\u043d\u044b\u0435 \u043a\u0430\u043c\u0435\u0440\u044b \u0434\u043b\u044f \u0430\u043d\u0430\u043b\u0438\u0437\u0430 \u0433\u043b\u0443\u0431\u0438\u043d\u044b \u0438 \u0440\u0430\u0441\u0441\u0442\u043e\u044f\u043d\u0438\u044f, \u0443\u043d\u0438\u0432\u0435\u0440\u0441\u0430\u043b\u044c\u043d\u044b\u0439 \u0441\u043a\u0430\u043d\u0435\u0440 \u043b\u0438\u0446\u0430, \u0435\u0449\u0435 \u0431\u043e\u043b\u0435\u0435 \u043f\u0440\u043e\u0441\u0442\u043e\u0435 \u0443\u043f\u0440\u0430\u0432\u043b\u0435\u043d\u0438\u0435 \u0438 \u043f\u0440\u0430\u043a\u0442\u0438\u0447\u0435\u0441\u043a\u0438 \u0431\u0435\u0437\u0433\u0440\u0430\u043d\u0438\u0447\u043d\u044b\u0435 \u0432\u043e\u0437\u043c\u043e\u0436\u043d\u043e\u0441\u0442\u0438, \u043a\u043e\u0442\u043e\u0440\u044b\u0435 \u0434\u0430\u0440\u0438\u0442 \u043d\u043e\u0432\u0435\u0439\u0448\u0430\u044f iOS \u0438 \u043c\u0438\u043b\u043b\u0438\u043e\u043d\u044b \u043f\u0440\u0438\u043b\u043e\u0436\u0435\u043d\u0438\u0439, \u0434\u043e\u0441\u0442\u0443\u043f\u043d\u044b\u0445 \u0432 App Store.",
      "is_active": true,
      "created": "2017-11-10T20:52:09.835Z",
      "updated": "2017-11-10T20:52:09.835Z"
   }
},
{
   "model": "products.product",
   "pk": 5,
   "fields": {
      "name": "Apple iPhone 7 256 \u0413\u0411",
      "price": "22999.00",
      "discount": 0,
      "category": 1,
      "short_discription": "",
      "discription": "\u0421\u043f\u0435\u0446\u0438\u0430\u043b\u044c\u043d\u043e\u0435 \u0438\u0437\u0434\u0430\u043d\u0438\u0435 iPhone 7 \u0432 \u0441\u043e\u0447\u043d\u043e\u043c \u043a\u0440\u0430\u0441\u043d\u043e\u043c \u0446\u0432\u0435\u0442\u0435, \u043a\u043e\u0442\u043e\u0440\u044b\u0439 \u043b\u0438\u0448\u044c \u043f\u043e\u0434\u0447\u0435\u0440\u043a\u0438\u0432\u0430\u0435\u0442 \u043f\u043e\u0442\u0440\u044f\u0441\u0430\u044e\u0449\u0438\u0435 \u0445\u0430\u0440\u0430\u043a\u0442\u0435\u0440\u0438\u0441\u0442\u0438\u043a\u0438 \u043d\u043e\u0432\u0435\u0439\u0448\u0435\u0433\u043e \u043f\u043e\u043a\u043e\u043b\u0435\u043d\u0438\u044f \u0441\u043c\u0430\u0440\u0442\u0444\u043e\u043d\u043e\u0432 Apple. \u041f\u0440\u043e\u0446\u0435\u0441\u0441\u043e\u0440, \u043e\u0431\u0435 \u043a\u0430\u043c\u0435\u0440\u044b, \u044d\u043a\u0440\u0430\u043d, \u0430\u0443\u0434\u0438\u043e\u0441\u0438\u0441\u0442\u0435\u043c\u0430, \u0434\u0430\u0436\u0435 \u043a\u043d\u043e\u043f\u043a\u0430 \u00ab\u0414\u043e\u043c\u043e\u0439\u00bb \u2014 \u0432\u0441\u0435 \u043f\u0440\u0435\u0442\u0435\u0440\u043f\u0435\u043b\u043e \u043a\u0430\u0447\u0435\u0441\u0442\u0432\u0435\u043d\u043d\u044b\u0435 \u0438\u0437\u043c\u0435\u043d\u0435\u043d\u0438\u044f, \u0441 \u044e\u0432\u0435\u043b\u0438\u0440\u043d\u043e\u0439 \u0442\u043e\u0447\u043d\u043e\u0441\u0442\u044c\u044e \u0443\u043c\u0435\u0441\u0442\u0438\u0432\u0448\u0438\u0441\u044c \u0432 \u0442\u043e\u043d\u043a\u043e\u043c \u0432\u043e\u0434\u043e\u043d\u0435\u043f\u0440\u043e\u043d\u0438\u0446\u0430\u0435\u043c\u043e\u043c \u043a\u043e\u0440\u043f\u0443\u0441\u0435.",
      "is_active": true,
      "created": "2017-11-10T20:53:31.922Z",
      "updated": "2017-11-10T20:53:31.922Z"
   }
},
{
   "model": "products.product",
   "pk": 6,
   "fields": {
      "name": "Apple MacBook 12\" Retina",
      "price": "43799.05",
      "discount": 5,
      "category": 2,
      "short_discription": "",
      "discription": "\u0421\u0435\u043c\u0435\u0439\u0441\u0442\u0432\u043e \u0443\u043b\u044c\u0442\u0440\u0430\u043a\u043e\u043c\u043f\u0430\u043a\u0442\u043d\u044b\u0445 \u043d\u043e\u0443\u0442\u0431\u0443\u043a\u043e\u0432 Apple \u043f\u043e\u043b\u0443\u0447\u0438\u043b\u043e \u043e\u0431\u043d\u043e\u0432\u043b\u0435\u043d\u0438\u0435. \u041e\u0431\u0449\u0438\u0439 \u043f\u0440\u0438\u0440\u043e\u0441\u0442 \u043f\u0440\u043e\u0438\u0437\u0432\u043e\u0434\u0438\u0442\u0435\u043b\u044c\u043d\u043e\u0441\u0442\u0438 \u043e\u0431\u0435\u0441\u043f\u0435\u0447\u0438\u043b \u043f\u0440\u043e\u0446\u0435\u0441\u0441\u043e\u0440 Intel \u043d\u043e\u0432\u043e\u0433\u043e \u043f\u043e\u043a\u043e\u043b\u0435\u043d\u0438\u044f m5, \u0430 \u0431\u043b\u0430\u0433\u043e\u0434\u0430\u0440\u044f \u043d\u043e\u0432\u043e\u043c\u0443 \u0433\u0440\u0430\u0444\u0438\u0447\u0435\u0441\u043a\u043e\u043c\u0443 \u044f\u0434\u0440\u0443 Intel HD Graphics 515, \u043d\u043e\u0432\u044b\u0439 MacBook \u043c\u043e\u0436\u043d\u043e \u043f\u043e\u0434\u043a\u043b\u044e\u0447\u0430\u0442\u044c \u043a \u0432\u043d\u0435\u0448\u043d\u0435\u043c\u0443 \u043c\u043e\u043d\u0438\u0442\u043e\u0440\u0443 \u0441 \u0440\u0430\u0437\u0440\u0435\u0448\u0435\u043d\u0435\u043c 4K. \u041f\u0440\u0438 \u044d\u0442\u043e\u043c \u043d\u043e\u0443\u0442\u0431\u0443\u043a \u043e\u0441\u0442\u0430\u0435\u0442\u0441\u044f \u0442\u0430\u043a\u0438\u043c \u0436\u0435 \u0442\u043e\u043d\u043a\u0438\u043c, \u0431\u0435\u0441\u0448\u0443\u043c\u043d\u044b\u043c \u0438 \u0435\u0449\u0435 \u0431\u043e\u043b\u0435\u0435 \u0430\u0432\u0442\u043e\u043d\u043e\u043c\u043d\u044b\u043c.",
      "is_active": true,
      "created": "2017-11-10T20:55:40.221Z",
      "updated": "2017-11-12T23:48:46.147Z"
   }
},
{
   "model": "products.product",
   "pk": 7,
   "fields": {
      "name": "Apple MacBook Air 13\u2033",
      "price": "34999.00",
      "discount": 0,
      "category": 2,
      "short_discription": "",
      "discription": "\u042d\u0442\u043e\u0442 \u043d\u043e\u0443\u0442\u0431\u0443\u043a \u043e\u0441\u0442\u0430\u0435\u0442\u0441\u044f \u0432\u043e\u0441\u0442\u0440\u0435\u0431\u043e\u0432\u0430\u043d\u043d\u044b\u043c \u0443 \u0431\u043e\u043b\u044c\u0448\u043e\u0433\u043e \u0447\u0438\u0441\u043b\u0430 \u043f\u043e\u043b\u044c\u0437\u043e\u0432\u0430\u0442\u0435\u043b\u0435\u0439 \u0442\u0435\u0445\u043d\u0438\u043a\u0438 Apple. \u042d\u0442\u0430\u043a\u0430\u044f \u0440\u0430\u0431\u043e\u0447\u0430\u044f \u043b\u043e\u0448\u0430\u0434\u043a\u0430, \u0431\u044e\u0434\u0436\u0435\u0442\u043d\u0430\u044f \u0438 \u043d\u0435\u043f\u0440\u0438\u0442\u044f\u0437\u0430\u0442\u0435\u043b\u044c\u043d\u0430\u044f, \u043d\u043e \u0445\u043e\u0440\u043e\u0448\u043e \u0437\u043d\u0430\u044e\u0449\u0430\u044f \u0441\u0432\u043e\u0435 \u0434\u0435\u043b\u043e. \u041e\u0431\u043d\u043e\u0432\u043b\u0435\u043d\u0438\u0435 2017 \u0433\u043e\u0434\u0430 \u043f\u043e\u0434\u0430\u0440\u0438\u043b\u043e \u043a\u043e\u043c\u043f\u044c\u044e\u0442\u0435\u0440\u0443 \u0431\u043e\u043b\u0435\u0435 \u043c\u043e\u0449\u043d\u044b\u0439 \u043f\u0440\u043e\u0446\u0435\u0441\u0441\u043e\u0440, \u043a\u043e\u0442\u043e\u0440\u044b\u0439 \u043f\u043e\u0434\u0441\u0442\u0435\u0433\u043d\u0435\u0442 \u0440\u0430\u0431\u043e\u0442\u0443 \u0432\u0430\u0448\u0438\u0445 \u043b\u044e\u0431\u0438\u043c\u044b\u0445 \u043f\u0440\u043e\u0433\u0440\u0430\u043c\u043c, \u0437\u0430\u0441\u0442\u0430\u0432\u0438\u0432 \u0438\u0445 \u0440\u0430\u0431\u043e\u0442\u0430\u0442\u044c \u0431\u044b\u0441\u0442\u0440\u0435\u0435.",
      "is_active": true,
      "created": "2017-11-10T20:56:46.398Z",
      "updated": "2017-11-10T20:56:55.623Z"
   }
},
{
   "model": "products.product",
   "pk": 8,
   "fields": {
      "name": "Apple MacBook 12\" Retina",
      "price": "39499.00",
      "discount": 0,
      "category": 2,
      "short_discription": "",
      "discription": "\u0412\u0441\u0435 \u0442\u0430\u043a\u043e\u0439 \u0436\u0435 \u0442\u043e\u043d\u043a\u0438\u0439, \u043b\u0435\u0433\u043a\u0438\u0439, \u0441 \u043f\u043e\u0442\u0440\u044f\u0441\u0430\u044e\u0449\u0438\u043c \u0440\u0435\u0442\u0438\u043d\u0430-\u044d\u043a\u0440\u0430\u043d\u043e\u043c \u2014 \u0430 \u00ab\u043f\u043e\u0434 \u043a\u0430\u043f\u043e\u0442\u043e\u043c\u00bb \u043c\u043e\u0449\u043d\u043e\u0441\u0442\u0438 \u0443\u0436\u0435 \u043f\u043e\u0431\u043e\u043b\u0435 \u0431\u0443\u0434\u0435\u0442. \u0412 2017 \u0433\u043e\u0434\u0443 \u044d\u0442\u0438 \u0438\u0437\u044f\u0449\u043d\u044b\u0435 \u043c\u0430\u0448\u0438\u043d\u044b \u0441\u0442\u0430\u043b\u0438 \u043d\u0430 20 % \u043f\u0440\u043e\u0438\u0437\u0432\u043e\u0434\u0438\u0442\u0435\u043b\u044c\u043d\u0435\u0435. \u0425\u043e\u0440\u043e\u0448\u0438\u0439 \u0437\u0430\u0434\u0435\u043b \u043d\u0430 \u0431\u043b\u0438\u0436\u0430\u0439\u0448\u0438\u0435 \u043d\u0435\u0441\u043a\u043e\u043b\u044c\u043a\u043e \u043b\u0435\u0442: \u043f\u0440\u043e\u0433\u0440\u0430\u043c\u043c\u044b \u0431\u0443\u0434\u0443\u0442 \u043e\u0431\u043d\u043e\u0432\u043b\u044f\u0442\u044c\u0441\u044f, \u0430 \u043e\u043d \u0432\u0441\u0435 \u0442\u0430\u043a \u0436\u0435 \u0445\u043e\u0440\u043e\u0448\u043e \u0431\u0443\u0434\u0435\u0442 \u0441\u043f\u0440\u0430\u0432\u043b\u044f\u0442\u044c\u0441\u044f \u0441\u043e \u0441\u0432\u043e\u0438\u043c\u0438 \u043f\u043e\u0432\u0441\u0435\u0434\u043d\u0435\u0432\u043d\u044b\u043c\u0438 \u0437\u0430\u0434\u0430\u0447\u0430\u043c\u0438.",
      "is_active": true,
      "created": "2017-11-10T20:58:18.299Z",
      "updated": "2017-11-12T23:48:33.334Z"
   }
},
{
   "model": "products.productimage",
   "pk": 1,
   "fields": {
      "product": 1,
      "image": "products_images/apple-iphone_8-gold-image_01_1.jpg",
      "is_main": true,
      "is_active": true,
      "created": "2017-11-10T20:47:47.452Z",
      "updated": "2017-11-10T20:47:47.452Z"
   }
},
{
   "model": "products.productimage",
   "pk": 2,
   "fields": {
      "product": 1,
      "image": "products_images/apple-iphone_8-gold-image_02_1.jpg",
      "is_main": false,
      "is_active": true,
      "created": "2017-11-10T20:47:47.464Z",
      "updated": "2017-11-10T20:47:47.464Z"
   }
},
{
   "model": "products.productimage",
   "pk": 3,
   "fields": {
      "product": 2,
      "image": "products_images/apple-iphone_8-space_gray-image_01.jpg",
      "is_main": false,
      "is_active": true,
      "created": "2017-11-10T20:49:03.073Z",
      "updated": "2017-11-10T20:49:03.073Z"
   }
},
{
   "model": "products.productimage",
   "pk": 4,
   "fields": {
      "product": 2,
      "image": "products_images/apple-iphone_8-space_gray-image_02.jpg",
      "is_main": true,
      "is_active": true,
      "created": "2017-11-10T20:49:03.080Z",
      "updated": "2017-11-10T20:49:03.080Z"
   }
},
{
   "model": "products.productimage",
   "pk": 5,
   "fields": {
      "product": 3,
      "image": "products_images/apple-iphone_x-space_gray-image_01_1_1.jpg",
      "is_main": true,
      "is_active": true,
      "created": "2017-11-10T20:50:38.945Z",
      "updated": "2017-11-10T20:50:48.456Z"
   }
},
{
   "model": "products.productimage",
   "pk": 6,
   "fields": {
      "product": 3,
      "image": "products_images/apple-iphone_x-space_gray-image_03_1.jpg",
      "is_main": false,
      "is_active": true,
      "created": "2017-11-10T20:50:38.952Z",
      "updated": "2017-11-10T20:50:38.952Z"
   }
},
{
   "model": "products.productimage",
   "pk": 7,
   "fields": {
      "product": 3,
      "image": "products_images/apple-iphone_x-space_gray-image_02_1.jpg",
      "is_main": false,
      "is_active": true,
      "created": "2017-11-10T20:50:38.968Z",
      "updated": "2017-11-10T20:50:38.968Z"
   }
},
{
   "model": "products.productimage",
   "pk": 8,
   "fields": {
      "product": 4,
      "image": "products_images/apple-iphone_x-silver-image_01_1.jpg",
      "is_main": false,
      "is_active": true,
      "created": "2017-11-10T20:52:09.841Z",
      "updated": "2017-11-10T20:52:09.841Z"
   }
},
{
   "model": "products.productimage",
   "pk": 9,
   "fields": {
      "product": 4,
      "image": "products_images/apple-iphone_x-silver-image_02_1.jpg",
      "is_main": false,
      "is_active": true,
      "created": "2017-11-10T20:52:09.846Z",
      "updated": "2017-11-10T20:52:09.846Z"
   }
},
{
   "model": "products.productimage",
   "pk": 10,
   "fields": {
      "product": 4,
      "image": "products_images/apple-iphone_x-silver-image_03_1.jpg",
      "is_main": true,
      "is_active": true,
      "created": "2017-11-10T20:52:09.868Z",
      "updated": "2017-11-10T20:52:09.868Z"
   }
},
{
   "model": "products.productimage",
   "pk": 11,
   "fields": {
      "product": 5,
      "image": "products_images/iphone-7-red-image_01_1.jpg",
      "is_main": true,
      "is_active": true,
      "created": "2017-11-10T20:53:31.928Z",
      "updated": "2017-11-10T20:53:31.928Z"
   }
},
{
   "model": "products.productimage",
   "pk": 12,
   "fields": {
      "product": 5,
      "image": "products_images/iphone-7-red-image_02_1.jpg",
      "is_main": false,
      "is_active": true,
      "created": "2017-11-10T20:53:31.934Z",
      "updated": "2017-11-10T20:53:31.934Z"
   }
},
{
   "model": "products.productimage",
   "pk": 13,
   "fields": {
      "product": 5,
      "image": "products_images/iphone-7-red-image_03_1.jpg",
      "is_main": false,
      "is_active": true,
      "created": "2017-11-10T20:53:31.939Z",
      "updated": "2017-11-10T20:53:31.939Z"
   }
},
{
   "model": "products.productimage",
   "pk": 14,
   "fields": {
      "product": 5,
      "image": "products_images/iphone-7-red-image_04_1.jpg",
      "is_main": false,
      "is_active": true,
      "created": "2017-11-10T20:53:31.960Z",
      "updated": "2017-11-10T20:53:31.960Z"
   }
},
{
   "model": "products.productimage",
   "pk": 15,
   "fields": {
      "product": 6,
      "image": "products_images/apple-macbook_2016_silver-image_01_SBZQFXt.jpg",
      "is_main": false,
      "is_active": true,
      "created": "2017-11-10T20:55:40.232Z",
      "updated": "2017-11-10T20:55:40.232Z"
   }
},
{
   "model": "products.productimage",
   "pk": 16,
   "fields": {
      "product": 6,
      "image": "products_images/apple-macbook_2016_silver-image_02_8iu1sMb.jpg",
      "is_main": false,
      "is_active": true,
      "created": "2017-11-10T20:55:40.239Z",
      "updated": "2017-11-10T20:55:40.239Z"
   }
},
{
   "model": "products.productimage",
   "pk": 17,
   "fields": {
      "product": 6,
      "image": "products_images/apple-macbook_2016_silver-image_04_r8wZyBx.jpg",
      "is_main": true,
      "is_active": true,
      "created": "2017-11-10T20:55:40.257Z",
      "updated": "2017-11-10T20:55:40.257Z"
   }
},
{
   "model": "products.productimage",
   "pk": 18,
   "fields": {
      "product": 6,
      "image": "products_images/apple-macbook_2016_silver-image_05_EhuI7pM.jpg",
      "is_main": false,
      "is_active": true,
      "created": "2017-11-10T20:55:40.262Z",
      "updated": "2017-11-10T20:55:40.262Z"
   }
},
{
   "model": "products.productimage",
   "pk": 19,
   "fields": {
      "product": 7,
      "image": "products_images/desktop-apple-macbook_air-image_01_1.jpg",
      "is_main": true,
      "is_active": true,
      "created": "2017-11-10T20:56:46.404Z",
      "updated": "2017-11-10T20:56:46.404Z"
   }
},
{
   "model": "products.productimage",
   "pk": 20,
   "fields": {
      "product": 7,
      "image": "products_images/apple-macbook_air_13-image_02_0e8mhv6_2.jpg",
      "is_main": false,
      "is_active": true,
      "created": "2017-11-10T20:56:46.409Z",
      "updated": "2017-11-10T20:56:46.409Z"
   }
},
{
   "model": "products.productimage",
   "pk": 21,
   "fields": {
      "product": 7,
      "image": "products_images/apple-macbook_air_13-image_03_kTR16DK_2.jpg",
      "is_main": false,
      "is_active": true,
      "created": "2017-11-10T20:56:46.415Z",
      "updated": "2017-11-10T20:56:46.415Z"
   }
},
{
   "model": "products.productimage",
   "pk": 22,
   "fields": {
      "product": 8,
      "image": "products_images/apple-macbook-gold-image_01.jpg",
      "is_main": true,
      "is_active": true,
      "created": "2017-11-10T20:58:18.305Z",
      "updated": "2017-11-10T20:58:18.305Z"
   }
},
{
   "model": "products.productimage",
   "pk": 23,
   "fields": {
      "product": 8,
      "image": "products_images/MacBook_256_Gold_image_02_1.jpg",
      "is_main": false,
      "is_active": true,
      "created": "2017-11-10T20:58:18.309Z",
      "updated": "2017-11-10T20:58:18.309Z"
   }
},
{
   "model": "products.productimage",
   "pk": 24,
   "fields": {
      "product": 8,
      "image": "products_images/MacBook_256_Gold_image_03_1.jpg",
      "is_main": false,
      "is_active": true,
      "created": "2017-11-10T20:58:18.314Z",
      "updated": "2017-11-10T20:58:18.314Z"
   }
},
{
   "model": "products.productimage",
   "pk": 25,
   "fields": {
      "product": 8,
      "image": "products_images/MacBook_256_Gold_image_04_1.jpg",
      "is_main": false,
      "is_active": true,
      "created": "2017-11-10T20:58:18.319Z",
      "updated": "2017-11-10T20:58:18.319Z"
   }
},
{
   "model": "orders.status",
   "pk": 1,
   "fields": {
      "name": "\u041d\u043e\u0432\u0438\u0439",
      "is_active": true,
      "created": "2017-11-14T21:03:15.668Z",
      "updated": "2017-11-14T21:03:15.669Z"
   }
},
{
   "model": "orders.status",
   "pk": 2,
   "fields": {
      "name": "\u0412\u0456\u0434\u043c\u0456\u043d\u0435\u043d\u043e",
      "is_active": true,
      "created": "2017-11-14T21:03:27.438Z",
      "updated": "2017-11-14T21:03:27.438Z"
   }
},
{
   "model": "orders.status",
   "pk": 3,
   "fields": {
      "name": "\u0412 \u0440\u043e\u0431\u043e\u0442\u0456",
      "is_active": true,
      "created": "2017-11-14T21:03:35.061Z",
      "updated": "2017-11-14T21:03:35.061Z"
   }
},
{
   "model": "orders.status",
   "pk": 4,
   "fields": {
      "name": "\u0417\u0430\u043a\u0440\u0438\u0442\u043e",
      "is_active": true,
      "created": "2017-11-14T21:03:46.637Z",
      "updated": "2017-11-14T21:03:46.637Z"
   }
},
{
   "model": "orders.productinorder",
   "pk": 2,
   "fields": {
      "order": 20,
      "product": 3,
      "nmb": 1,
      "price_per_item": "58999.00",
      "total_price": "58999.00",
      "is_active": true,
      "created": "2017-11-14T22:41:57.497Z",
      "updated": "2017-11-14T22:41:57.497Z"
   }
},
{
   "model": "orders.productinorder",
   "pk": 3,
   "fields": {
      "order": 20,
      "product": 7,
      "nmb": 2,
      "price_per_item": "34999.00",
      "total_price": "69998.00",
      "is_active": true,
      "created": "2017-11-14T22:41:57.705Z",
      "updated": "2017-11-14T22:41:57.705Z"
   }
},
{
   "model": "orders.productinorder",
   "pk": 4,
   "fields": {
      "order": 20,
      "product": 5,
      "nmb": 1,
      "price_per_item": "22999.00",
      "total_price": "22999.00",
      "is_active": true,
      "created": "2017-11-14T22:41:57.913Z",
      "updated": "2017-11-14T22:41:57.913Z"
   }
},
{
   "model": "orders.productinorder",
   "pk": 5,
   "fields": {
      "order": 21,
      "product": 1,
      "nmb": 3,
      "price_per_item": "27299.00",
      "total_price": "81897.00",
      "is_active": true,
      "created": "2017-11-19T09:07:40.541Z",
      "updated": "2017-11-19T09:07:40.541Z"
   }
},
{
   "model": "orders.productinbasket",
   "pk": 44,
   "fields": {
      "session_key": "z4df9n3fxw3mooflq80hgp4tmvebh0zk",
      "order": null,
      "product": 1,
      "nmb": 1,
      "price_per_item": "27299.00",
      "total_price": "27299.00",
      "is_active": true,
      "created": "2017-11-14T22:14:24.931Z",
      "updated": "2017-11-14T22:14:24.931Z"
   }
},
{
   "model": "orders.productinbasket",
   "pk": 45,
   "fields": {
      "session_key": "z4df9n3fxw3mooflq80hgp4tmvebh0zk",
      "order": null,
      "product": 6,
      "nmb": 3,
      "price_per_item": "43799.05",
      "total_price": "131397.15",
      "is_active": true,
      "created": "2017-11-14T22:14:33.734Z",
      "updated": "2017-11-14T22:14:33.734Z"
   }
},
{
   "model": "orders.productinbasket",
   "pk": 46,
   "fields": {
      "session_key": "4uatki6xqm3hggmeuwmjkid5rmsteyuu",
      "order": 20,
      "product": 3,
      "nmb": 1,
      "price_per_item": "58999.00",
      "total_price": "58999.00",
      "is_active": true,
      "created": "2017-11-14T22:41:21.807Z",
      "updated": "2017-11-14T22:41:57.437Z"
   }
},
{
   "model": "orders.productinbasket",
   "pk": 47,
   "fields": {
      "session_key": "4uatki6xqm3hggmeuwmjkid5rmsteyuu",
      "order": 20,
      "product": 7,
      "nmb": 2,
      "price_per_item": "34999.00",
      "total_price": "69998.00",
      "is_active": true,
      "created": "2017-11-14T22:41:29.037Z",
      "updated": "2017-11-14T22:41:57.637Z"
   }
},
{
   "model": "orders.productinbasket",
   "pk": 48,
   "fields": {
      "session_key": "4uatki6xqm3hggmeuwmjkid5rmsteyuu",
      "order": 20,
      "product": 5,
      "nmb": 1,
      "price_per_item": "22999.00",
      "total_price": "22999.00",
      "is_active": true,
      "created": "2017-11-14T22:41:36.895Z",
      "updated": "2017-11-14T22:41:57.845Z"
   }
},
{
   "model": "orders.productinbasket",
   "pk": 49,
   "fields": {
      "session_key": "vi51ie20196dyshcc90tj04kf3zhlqwf",
      "order": 21,
      "product": 1,
      "nmb": 3,
      "price_per_item": "27299.00",
      "total_price": "81897.00",
      "is_active": true,
      "created": "2017-11-19T09:07:05.726Z",
      "updated": "2017-11-19T09:07:40.473Z"
   }
},
{
   "model": "auth.permission",
   "pk": 1,
   "fields": {
      "name": "Can add log entry",
      "content_type": 1,
      "codename": "add_logentry"
   }
},
{
   "model": "auth.permission",
   "pk": 2,
   "fields": {
      "name": "Can change log entry",
      "content_type": 1,
      "codename": "change_logentry"
   }
},
{
   "model": "auth.permission",
   "pk": 3,
   "fields": {
      "name": "Can delete log entry",
      "content_type": 1,
      "codename": "delete_logentry"
   }
},
{
   "model": "auth.permission",
   "pk": 4,
   "fields": {
      "name": "Can add permission",
      "content_type": 2,
      "codename": "add_permission"
   }
},
{
   "model": "auth.permission",
   "pk": 5,
   "fields": {
      "name": "Can change permission",
      "content_type": 2,
      "codename": "change_permission"
   }
},
{
   "model": "auth.permission",
   "pk": 6,
   "fields": {
      "name": "Can delete permission",
      "content_type": 2,
      "codename": "delete_permission"
   }
},
{
   "model": "auth.permission",
   "pk": 7,
   "fields": {
      "name": "Can add group",
      "content_type": 3,
      "codename": "add_group"
   }
},
{
   "model": "auth.permission",
   "pk": 8,
   "fields": {
      "name": "Can change group",
      "content_type": 3,
      "codename": "change_group"
   }
},
{
   "model": "auth.permission",
   "pk": 9,
   "fields": {
      "name": "Can delete group",
      "content_type": 3,
      "codename": "delete_group"
   }
},
{
   "model": "auth.permission",
   "pk": 10,
   "fields": {
      "name": "Can add user",
      "content_type": 4,
      "codename": "add_user"
   }
},
{
   "model": "auth.permission",
   "pk": 11,
   "fields": {
      "name": "Can change user",
      "content_type": 4,
      "codename": "change_user"
   }
},
{
   "model": "auth.permission",
   "pk": 12,
   "fields": {
      "name": "Can delete user",
      "content_type": 4,
      "codename": "delete_user"
   }
},
{
   "model": "auth.permission",
   "pk": 13,
   "fields": {
      "name": "Can add content type",
      "content_type": 5,
      "codename": "add_contenttype"
   }
},
{
   "model": "auth.permission",
   "pk": 14,
   "fields": {
      "name": "Can change content type",
      "content_type": 5,
      "codename": "change_contenttype"
   }
},
{
   "model": "auth.permission",
   "pk": 15,
   "fields": {
      "name": "Can delete content type",
      "content_type": 5,
      "codename": "delete_contenttype"
   }
},
{
   "model": "auth.permission",
   "pk": 16,
   "fields": {
      "name": "Can add session",
      "content_type": 6,
      "codename": "add_session"
   }
},
{
   "model": "auth.permission",
   "pk": 17,
   "fields": {
      "name": "Can change session",
      "content_type": 6,
      "codename": "change_session"
   }
},
{
   "model": "auth.permission",
   "pk": 18,
   "fields": {
      "name": "Can delete session",
      "content_type": 6,
      "codename": "delete_session"
   }
},
{
   "model": "auth.permission",
   "pk": 19,
   "fields": {
      "name": "Can add MySubsriber",
      "content_type": 7,
      "codename": "add_subscriber"
   }
},
{
   "model": "auth.permission",
   "pk": 20,
   "fields": {
      "name": "Can change MySubsriber",
      "content_type": 7,
      "codename": "change_subscriber"
   }
},
{
   "model": "auth.permission",
   "pk": 21,
   "fields": {
      "name": "Can delete MySubsriber",
      "content_type": 7,
      "codename": "delete_subscriber"
   }
},
{
   "model": "auth.permission",
   "pk": 22,
   "fields": {
      "name": "Can add \u0422\u043e\u0432\u0430\u0440",
      "content_type": 8,
      "codename": "add_product"
   }
},
{
   "model": "auth.permission",
   "pk": 23,
   "fields": {
      "name": "Can change \u0422\u043e\u0432\u0430\u0440",
      "content_type": 8,
      "codename": "change_product"
   }
},
{
   "model": "auth.permission",
   "pk": 24,
   "fields": {
      "name": "Can delete \u0422\u043e\u0432\u0430\u0440",
      "content_type": 8,
      "codename": "delete_product"
   }
},
{
   "model": "auth.permission",
   "pk": 25,
   "fields": {
      "name": "Can add \u041a\u0430\u0442\u0435\u0433\u043e\u0440\u0456\u044f \u0442\u043e\u0432\u0430\u0440\u0430",
      "content_type": 9,
      "codename": "add_productcategory"
   }
},
{
   "model": "auth.permission",
   "pk": 26,
   "fields": {
      "name": "Can change \u041a\u0430\u0442\u0435\u0433\u043e\u0440\u0456\u044f \u0442\u043e\u0432\u0430\u0440\u0430",
      "content_type": 9,
      "codename": "change_productcategory"
   }
},
{
   "model": "auth.permission",
   "pk": 27,
   "fields": {
      "name": "Can delete \u041a\u0430\u0442\u0435\u0433\u043e\u0440\u0456\u044f \u0442\u043e\u0432\u0430\u0440\u0430",
      "content_type": 9,
      "codename": "delete_productcategory"
   }
},
{
   "model": "auth.permission",
   "pk": 28,
   "fields": {
      "name": "Can add \u0424\u043e\u0442\u043e\u0433\u0440\u0430\u0444\u0456\u044f",
      "content_type": 10,
      "codename": "add_productimage"
   }
},
{
   "model": "auth.permission",
   "pk": 29,
   "fields": {
      "name": "Can change \u0424\u043e\u0442\u043e\u0433\u0440\u0430\u0444\u0456\u044f",
      "content_type": 10,
      "codename": "change_productimage"
   }
},
{
   "model": "auth.permission",
   "pk": 30,
   "fields": {
      "name": "Can delete \u0424\u043e\u0442\u043e\u0433\u0440\u0430\u0444\u0456\u044f",
      "content_type": 10,
      "codename": "delete_productimage"
   }
},
{
   "model": "auth.permission",
   "pk": 31,
   "fields": {
      "name": "Can add \u0422\u043e\u0432\u0430\u0440 \u0432 \u043a\u043e\u0440\u0437\u0438\u043d\u0456",
      "content_type": 11,
      "codename": "add_productinbasket"
   }
},
{
   "model": "auth.permission",
   "pk": 32,
   "fields": {
      "name": "Can change \u0422\u043e\u0432\u0430\u0440 \u0432 \u043a\u043e\u0440\u0437\u0438\u043d\u0456",
      "content_type": 11,
      "codename": "change_productinbasket"
   }
},
{
   "model": "auth.permission",
   "pk": 33,
   "fields": {
      "name": "Can delete \u0422\u043e\u0432\u0430\u0440 \u0432 \u043a\u043e\u0440\u0437\u0438\u043d\u0456",
      "content_type": 11,
      "codename": "delete_productinbasket"
   }
},
{
   "model": "auth.permission",
   "pk": 34,
   "fields": {
      "name": "Can add \u0417\u0430\u043c\u043e\u0432\u043b\u0435\u043d\u043d\u044f",
      "content_type": 12,
      "codename": "add_order"
   }
},
{
   "model": "auth.permission",
   "pk": 35,
   "fields": {
      "name": "Can change \u0417\u0430\u043c\u043e\u0432\u043b\u0435\u043d\u043d\u044f",
      "content_type": 12,
      "codename": "change_order"
   }
},
{
   "model": "auth.permission",
   "pk": 36,
   "fields": {
      "name": "Can delete \u0417\u0430\u043c\u043e\u0432\u043b\u0435\u043d\u043d\u044f",
      "content_type": 12,
      "codename": "delete_order"
   }
},
{
   "model": "auth.permission",
   "pk": 37,
   "fields": {
      "name": "Can add \u0422\u043e\u0432\u0430\u0440 \u0432 \u0437\u0430\u043c\u043e\u0432\u043b\u0435\u043d\u043d\u0456",
      "content_type": 13,
      "codename": "add_productinorder"
   }
},
{
   "model": "auth.permission",
   "pk": 38,
   "fields": {
      "name": "Can change \u0422\u043e\u0432\u0430\u0440 \u0432 \u0437\u0430\u043c\u043e\u0432\u043b\u0435\u043d\u043d\u0456",
      "content_type": 13,
      "codename": "change_productinorder"
   }
},
{
   "model": "auth.permission",
   "pk": 39,
   "fields": {
      "name": "Can delete \u0422\u043e\u0432\u0430\u0440 \u0432 \u0437\u0430\u043c\u043e\u0432\u043b\u0435\u043d\u043d\u0456",
      "content_type": 13,
      "codename": "delete_productinorder"
   }
},
{
   "model": "auth.permission",
   "pk": 40,
   "fields": {
      "name": "Can add \u0421\u0442\u0430\u0442\u0443\u0441",
      "content_type": 14,
      "codename": "add_status"
   }
},
{
   "model": "auth.permission",
   "pk": 41,
   "fields": {
      "name": "Can change \u0421\u0442\u0430\u0442\u0443\u0441",
      "content_type": 14,
      "codename": "change_status"
   }
},
{
   "model": "auth.permission",
   "pk": 42,
   "fields": {
      "name": "Can delete \u0421\u0442\u0430\u0442\u0443\u0441",
      "content_type": 14,
      "codename": "delete_status"
   }
},
{
   "model": "auth.user",
   "pk": 1,
   "fields": {
      "password": "pbkdf2_sha256$36000$o9BjnHLILSJS$cvXyn4QNBYNDQRr1ivt/r0IJg7/6HYnn0rtrNvmHBGU=",
      "last_login": "2017-11-14T22:42:05.164Z",
      "is_superuser": true,
      "username": "admin",
      "first_name": "",
      "last_name": "",
      "email": "mail@gmail.com",
      "is_staff": true,
      "is_active": true,
      "date_joined": "2017-11-09T20:35:28.173Z",
      "groups": [],
      "user_permissions": []
   }
},
{
   "model": "auth.user",
   "pk": 8,
   "fields": {
      "password": "",
      "last_login": null,
      "is_superuser": false,
      "username": "0955612607",
      "first_name": "Mykhailo",
      "last_name": "",
      "email": "",
      "is_staff": false,
      "is_active": true,
      "date_joined": "2017-11-14T21:23:22.366Z",
      "groups": [],
      "user_permissions": []
   }
},
{
   "model": "auth.user",
   "pk": 9,
   "fields": {
      "password": "",
      "last_login": null,
      "is_superuser": false,
      "username": "0975746373",
      "first_name": "Misha",
      "last_name": "",
      "email": "",
      "is_staff": false,
      "is_active": true,
      "date_joined": "2017-11-14T21:30:20.569Z",
      "groups": [],
      "user_permissions": []
   }
},
{
   "model": "auth.user",
   "pk": 10,
   "fields": {
      "password": "",
      "last_login": null,
      "is_superuser": false,
      "username": "0955612608",
      "first_name": "Mykhailo",
      "last_name": "",
      "email": "",
      "is_staff": false,
      "is_active": true,
      "date_joined": "2017-11-14T21:33:09.853Z",
      "groups": [],
      "user_permissions": []
   }
},
{
   "model": "auth.user",
   "pk": 11,
   "fields": {
      "password": "",
      "last_login": null,
      "is_superuser": false,
      "username": "1234567",
      "first_name": "Mykhailo",
      "last_name": "",
      "email": "",
      "is_staff": false,
      "is_active": true,
      "date_joined": "2017-11-14T21:39:18.900Z",
      "groups": [],
      "user_permissions": []
   }
},
{
   "model": "auth.user",
   "pk": 12,
   "fields": {
      "password": "",
      "last_login": null,
      "is_superuser": false,
      "username": "556454656",
      "first_name": "test12",
      "last_name": "",
      "email": "",
      "is_staff": false,
      "is_active": true,
      "date_joined": "2017-11-14T21:45:57.508Z",
      "groups": [],
      "user_permissions": []
   }
},
{
   "model": "auth.user",
   "pk": 13,
   "fields": {
      "password": "",
      "last_login": null,
      "is_superuser": false,
      "username": "09757463732",
      "first_name": "Mykhailo",
      "last_name": "",
      "email": "",
      "is_staff": false,
      "is_active": true,
      "date_joined": "2017-11-14T21:53:09.390Z",
      "groups": [],
      "user_permissions": []
   }
},
{
   "model": "auth.user",
   "pk": 14,
   "fields": {
      "password": "",
      "last_login": null,
      "is_superuser": false,
      "username": "11111111",
      "first_name": "Mykhailo",
      "last_name": "",
      "email": "",
      "is_staff": false,
      "is_active": true,
      "date_joined": "2017-11-14T22:41:57.279Z",
      "groups": [],
      "user_permissions": []
   }
},
{
   "model": "orders.order",
   "pk": 19,
   "fields": {
      "user": 8,
      "total_price": "0.00",
      "customer_name": "Test Name",
      "customer_email": null,
      "customer_phone": "0955612607",
      "customer_address": null,
      "comments": null,
      "status": 1,
      "created": "2017-11-14T22:16:23.170Z",
      "updated": "2017-11-14T22:16:23.170Z"
   }
},
{
   "model": "orders.order",
   "pk": 20,
   "fields": {
      "user": 14,
      "total_price": "151996.00",
      "customer_name": "Mykhailo",
      "customer_email": null,
      "customer_phone": "11111111",
      "customer_address": null,
      "comments": null,
      "status": 1,
      "created": "2017-11-14T22:41:57.355Z",
      "updated": "2017-11-14T22:41:57.981Z"
   }
},
{
   "model": "orders.order",
   "pk": 21,
   "fields": {
      "user": 11,
      "total_price": "81897.00",
      "customer_name": "Mykhailo",
      "customer_email": null,
      "customer_phone": "1234567",
      "customer_address": null,
      "comments": null,
      "status": 1,
      "created": "2017-11-19T09:07:40.379Z",
      "updated": "2017-11-19T09:07:40.617Z"
   }
},
{
   "model": "admin.logentry",
   "pk": 1,
   "fields": {
      "action_time": "2017-11-10T20:46:29.424Z",
      "user": 1,
      "content_type": 9,
      "object_id": "1",
      "object_repr": "\u0422\u0435\u043b\u0435\u0444\u043e\u043d\u0438",
      "action_flag": 1,
      "change_message": "[{\"added\": {}}]"
   }
},
{
   "model": "admin.logentry",
   "pk": 2,
   "fields": {
      "action_time": "2017-11-10T20:46:41.233Z",
      "user": 1,
      "content_type": 9,
      "object_id": "2",
      "object_repr": "\u041d\u043e\u0443\u0442\u0431\u0443\u043a\u0438",
      "action_flag": 1,
      "change_message": "[{\"added\": {}}]"
   }
},
{
   "model": "admin.logentry",
   "pk": 3,
   "fields": {
      "action_time": "2017-11-10T20:47:47.465Z",
      "user": 1,
      "content_type": 8,
      "object_id": "1",
      "object_repr": "27299, Apple iPhone 8 256 \u0413\u0411",
      "action_flag": 1,
      "change_message": "[{\"added\": {}}, {\"added\": {\"name\": \"\\u0424\\u043e\\u0442\\u043e\\u0433\\u0440\\u0430\\u0444\\u0456\\u044f\", \"object\": \"1\"}}, {\"added\": {\"name\": \"\\u0424\\u043e\\u0442\\u043e\\u0433\\u0440\\u0430\\u0444\\u0456\\u044f\", \"object\": \"2\"}}]"
   }
},
{
   "model": "admin.logentry",
   "pk": 4,
   "fields": {
      "action_time": "2017-11-10T20:49:03.080Z",
      "user": 1,
      "content_type": 8,
      "object_id": "2",
      "object_repr": "23799, Apple iPhone 8 64 \u0413\u0411",
      "action_flag": 1,
      "change_message": "[{\"added\": {}}, {\"added\": {\"name\": \"\\u0424\\u043e\\u0442\\u043e\\u0433\\u0440\\u0430\\u0444\\u0456\\u044f\", \"object\": \"3\"}}, {\"added\": {\"name\": \"\\u0424\\u043e\\u0442\\u043e\\u0433\\u0440\\u0430\\u0444\\u0456\\u044f\", \"object\": \"4\"}}]"
   }
},
{
   "model": "admin.logentry",
   "pk": 5,
   "fields": {
      "action_time": "2017-11-10T20:50:38.969Z",
      "user": 1,
      "content_type": 8,
      "object_id": "3",
      "object_repr": "58999, Apple iPhone X 256 \u0413\u0411",
      "action_flag": 1,
      "change_message": "[{\"added\": {}}, {\"added\": {\"name\": \"\\u0424\\u043e\\u0442\\u043e\\u0433\\u0440\\u0430\\u0444\\u0456\\u044f\", \"object\": \"5\"}}, {\"added\": {\"name\": \"\\u0424\\u043e\\u0442\\u043e\\u0433\\u0440\\u0430\\u0444\\u0456\\u044f\", \"object\": \"6\"}}, {\"added\": {\"name\": \"\\u0424\\u043e\\u0442\\u043e\\u0433\\u0440\\u0430\\u0444\\u0456\\u044f\", \"object\": \"7\"}}]"
   }
},
{
   "model": "admin.logentry",
   "pk": 6,
   "fields": {
      "action_time": "2017-11-10T20:50:48.458Z",
      "user": 1,
      "content_type": 8,
      "object_id": "3",
      "object_repr": "58999.00, Apple iPhone X 256 \u0413\u0411",
      "action_flag": 2,
      "change_message": "[{\"changed\": {\"name\": \"\\u0424\\u043e\\u0442\\u043e\\u0433\\u0440\\u0430\\u0444\\u0456\\u044f\", \"object\": \"5\", \"fields\": [\"is_main\"]}}]"
   }
},
{
   "model": "admin.logentry",
   "pk": 7,
   "fields": {
      "action_time": "2017-11-10T20:52:09.869Z",
      "user": 1,
      "content_type": 8,
      "object_id": "4",
      "object_repr": "58999, Apple iPhone X 256 \u0413\u0411",
      "action_flag": 1,
      "change_message": "[{\"added\": {}}, {\"added\": {\"name\": \"\\u0424\\u043e\\u0442\\u043e\\u0433\\u0440\\u0430\\u0444\\u0456\\u044f\", \"object\": \"8\"}}, {\"added\": {\"name\": \"\\u0424\\u043e\\u0442\\u043e\\u0433\\u0440\\u0430\\u0444\\u0456\\u044f\", \"object\": \"9\"}}, {\"added\": {\"name\": \"\\u0424\\u043e\\u0442\\u043e\\u0433\\u0440\\u0430\\u0444\\u0456\\u044f\", \"object\": \"10\"}}]"
   }
},
{
   "model": "admin.logentry",
   "pk": 8,
   "fields": {
      "action_time": "2017-11-10T20:53:31.960Z",
      "user": 1,
      "content_type": 8,
      "object_id": "5",
      "object_repr": "22999, Apple iPhone 7 256 \u0413\u0411",
      "action_flag": 1,
      "change_message": "[{\"added\": {}}, {\"added\": {\"name\": \"\\u0424\\u043e\\u0442\\u043e\\u0433\\u0440\\u0430\\u0444\\u0456\\u044f\", \"object\": \"11\"}}, {\"added\": {\"name\": \"\\u0424\\u043e\\u0442\\u043e\\u0433\\u0440\\u0430\\u0444\\u0456\\u044f\", \"object\": \"12\"}}, {\"added\": {\"name\": \"\\u0424\\u043e\\u0442\\u043e\\u0433\\u0440\\u0430\\u0444\\u0456\\u044f\", \"object\": \"13\"}}, {\"added\": {\"name\": \"\\u0424\\u043e\\u0442\\u043e\\u0433\\u0440\\u0430\\u0444\\u0456\\u044f\", \"object\": \"14\"}}]"
   }
},
{
   "model": "admin.logentry",
   "pk": 9,
   "fields": {
      "action_time": "2017-11-10T20:55:40.263Z",
      "user": 1,
      "content_type": 8,
      "object_id": "6",
      "object_repr": "43799, Apple MacBook 12\" Retina",
      "action_flag": 1,
      "change_message": "[{\"added\": {}}, {\"added\": {\"name\": \"\\u0424\\u043e\\u0442\\u043e\\u0433\\u0440\\u0430\\u0444\\u0456\\u044f\", \"object\": \"15\"}}, {\"added\": {\"name\": \"\\u0424\\u043e\\u0442\\u043e\\u0433\\u0440\\u0430\\u0444\\u0456\\u044f\", \"object\": \"16\"}}, {\"added\": {\"name\": \"\\u0424\\u043e\\u0442\\u043e\\u0433\\u0440\\u0430\\u0444\\u0456\\u044f\", \"object\": \"17\"}}, {\"added\": {\"name\": \"\\u0424\\u043e\\u0442\\u043e\\u0433\\u0440\\u0430\\u0444\\u0456\\u044f\", \"object\": \"18\"}}]"
   }
},
{
   "model": "admin.logentry",
   "pk": 10,
   "fields": {
      "action_time": "2017-11-10T20:56:46.415Z",
      "user": 1,
      "content_type": 8,
      "object_id": "7",
      "object_repr": "34999, Apple MacBook Air 13\u2033",
      "action_flag": 1,
      "change_message": "[{\"added\": {}}, {\"added\": {\"name\": \"\\u0424\\u043e\\u0442\\u043e\\u0433\\u0440\\u0430\\u0444\\u0456\\u044f\", \"object\": \"19\"}}, {\"added\": {\"name\": \"\\u0424\\u043e\\u0442\\u043e\\u0433\\u0440\\u0430\\u0444\\u0456\\u044f\", \"object\": \"20\"}}, {\"added\": {\"name\": \"\\u0424\\u043e\\u0442\\u043e\\u0433\\u0440\\u0430\\u0444\\u0456\\u044f\", \"object\": \"21\"}}]"
   }
},
{
   "model": "admin.logentry",
   "pk": 11,
   "fields": {
      "action_time": "2017-11-10T20:56:55.626Z",
      "user": 1,
      "content_type": 8,
      "object_id": "7",
      "object_repr": "34999.00, Apple MacBook Air 13\u2033",
      "action_flag": 2,
      "change_message": "[{\"changed\": {\"fields\": [\"category\"]}}]"
   }
},
{
   "model": "admin.logentry",
   "pk": 12,
   "fields": {
      "action_time": "2017-11-10T20:58:18.320Z",
      "user": 1,
      "content_type": 8,
      "object_id": "8",
      "object_repr": "39499, Apple MacBook 12\" Retina",
      "action_flag": 1,
      "change_message": "[{\"added\": {}}, {\"added\": {\"name\": \"\\u0424\\u043e\\u0442\\u043e\\u0433\\u0440\\u0430\\u0444\\u0456\\u044f\", \"object\": \"22\"}}, {\"added\": {\"name\": \"\\u0424\\u043e\\u0442\\u043e\\u0433\\u0440\\u0430\\u0444\\u0456\\u044f\", \"object\": \"23\"}}, {\"added\": {\"name\": \"\\u0424\\u043e\\u0442\\u043e\\u0433\\u0440\\u0430\\u0444\\u0456\\u044f\", \"object\": \"24\"}}, {\"added\": {\"name\": \"\\u0424\\u043e\\u0442\\u043e\\u0433\\u0440\\u0430\\u0444\\u0456\\u044f\", \"object\": \"25\"}}]"
   }
},
{
   "model": "admin.logentry",
   "pk": 13,
   "fields": {
      "action_time": "2017-11-10T23:02:18.521Z",
      "user": 1,
      "content_type": 11,
      "object_id": "18",
      "object_repr": "Apple iPhone 8 256 \u0413\u0411",
      "action_flag": 3,
      "change_message": ""
   }
},
{
   "model": "admin.logentry",
   "pk": 14,
   "fields": {
      "action_time": "2017-11-10T23:02:18.602Z",
      "user": 1,
      "content_type": 11,
      "object_id": "17",
      "object_repr": "Apple iPhone 8 256 \u0413\u0411",
      "action_flag": 3,
      "change_message": ""
   }
},
{
   "model": "admin.logentry",
   "pk": 15,
   "fields": {
      "action_time": "2017-11-10T23:02:18.686Z",
      "user": 1,
      "content_type": 11,
      "object_id": "16",
      "object_repr": "Apple iPhone 8 256 \u0413\u0411",
      "action_flag": 3,
      "change_message": ""
   }
},
{
   "model": "admin.logentry",
   "pk": 16,
   "fields": {
      "action_time": "2017-11-10T23:02:18.757Z",
      "user": 1,
      "content_type": 11,
      "object_id": "15",
      "object_repr": "Apple iPhone 8 256 \u0413\u0411",
      "action_flag": 3,
      "change_message": ""
   }
},
{
   "model": "admin.logentry",
   "pk": 17,
   "fields": {
      "action_time": "2017-11-10T23:02:18.845Z",
      "user": 1,
      "content_type": 11,
      "object_id": "14",
      "object_repr": "Apple iPhone 8 256 \u0413\u0411",
      "action_flag": 3,
      "change_message": ""
   }
},
{
   "model": "admin.logentry",
   "pk": 18,
   "fields": {
      "action_time": "2017-11-10T23:02:18.916Z",
      "user": 1,
      "content_type": 11,
      "object_id": "13",
      "object_repr": "Apple iPhone 8 256 \u0413\u0411",
      "action_flag": 3,
      "change_message": ""
   }
},
{
   "model": "admin.logentry",
   "pk": 19,
   "fields": {
      "action_time": "2017-11-10T23:02:18.994Z",
      "user": 1,
      "content_type": 11,
      "object_id": "12",
      "object_repr": "Apple iPhone 8 256 \u0413\u0411",
      "action_flag": 3,
      "change_message": ""
   }
},
{
   "model": "admin.logentry",
   "pk": 20,
   "fields": {
      "action_time": "2017-11-10T23:02:19.082Z",
      "user": 1,
      "content_type": 11,
      "object_id": "11",
      "object_repr": "Apple MacBook 12\" Retina",
      "action_flag": 3,
      "change_message": ""
   }
},
{
   "model": "admin.logentry",
   "pk": 21,
   "fields": {
      "action_time": "2017-11-10T23:02:19.172Z",
      "user": 1,
      "content_type": 11,
      "object_id": "10",
      "object_repr": "Apple MacBook 12\" Retina",
      "action_flag": 3,
      "change_message": ""
   }
},
{
   "model": "admin.logentry",
   "pk": 22,
   "fields": {
      "action_time": "2017-11-10T23:02:19.270Z",
      "user": 1,
      "content_type": 11,
      "object_id": "9",
      "object_repr": "Apple MacBook 12\" Retina",
      "action_flag": 3,
      "change_message": ""
   }
},
{
   "model": "admin.logentry",
   "pk": 23,
   "fields": {
      "action_time": "2017-11-10T23:02:19.347Z",
      "user": 1,
      "content_type": 11,
      "object_id": "8",
      "object_repr": "Apple MacBook Air 13\u2033",
      "action_flag": 3,
      "change_message": ""
   }
},
{
   "model": "admin.logentry",
   "pk": 24,
   "fields": {
      "action_time": "2017-11-10T23:02:19.437Z",
      "user": 1,
      "content_type": 11,
      "object_id": "7",
      "object_repr": "Apple MacBook Air 13\u2033",
      "action_flag": 3,
      "change_message": ""
   }
},
{
   "model": "admin.logentry",
   "pk": 25,
   "fields": {
      "action_time": "2017-11-10T23:02:19.543Z",
      "user": 1,
      "content_type": 11,
      "object_id": "6",
      "object_repr": "Apple MacBook Air 13\u2033",
      "action_flag": 3,
      "change_message": ""
   }
},
{
   "model": "admin.logentry",
   "pk": 26,
   "fields": {
      "action_time": "2017-11-10T23:02:19.618Z",
      "user": 1,
      "content_type": 11,
      "object_id": "5",
      "object_repr": "Apple MacBook Air 13\u2033",
      "action_flag": 3,
      "change_message": ""
   }
},
{
   "model": "admin.logentry",
   "pk": 27,
   "fields": {
      "action_time": "2017-11-10T23:02:19.699Z",
      "user": 1,
      "content_type": 11,
      "object_id": "4",
      "object_repr": "Apple MacBook Air 13\u2033",
      "action_flag": 3,
      "change_message": ""
   }
},
{
   "model": "admin.logentry",
   "pk": 28,
   "fields": {
      "action_time": "2017-11-10T23:02:19.775Z",
      "user": 1,
      "content_type": 11,
      "object_id": "3",
      "object_repr": "Apple MacBook Air 13\u2033",
      "action_flag": 3,
      "change_message": ""
   }
},
{
   "model": "admin.logentry",
   "pk": 29,
   "fields": {
      "action_time": "2017-11-10T23:02:19.857Z",
      "user": 1,
      "content_type": 11,
      "object_id": "2",
      "object_repr": "Apple MacBook Air 13\u2033",
      "action_flag": 3,
      "change_message": ""
   }
},
{
   "model": "admin.logentry",
   "pk": 30,
   "fields": {
      "action_time": "2017-11-10T23:02:19.941Z",
      "user": 1,
      "content_type": 11,
      "object_id": "1",
      "object_repr": "Apple MacBook Air 13\u2033",
      "action_flag": 3,
      "change_message": ""
   }
},
{
   "model": "admin.logentry",
   "pk": 31,
   "fields": {
      "action_time": "2017-11-11T15:41:54.146Z",
      "user": 1,
      "content_type": 11,
      "object_id": "20",
      "object_repr": "Apple iPhone X 256 \u0413\u0411",
      "action_flag": 3,
      "change_message": ""
   }
},
{
   "model": "admin.logentry",
   "pk": 32,
   "fields": {
      "action_time": "2017-11-11T15:41:54.235Z",
      "user": 1,
      "content_type": 11,
      "object_id": "19",
      "object_repr": "Apple iPhone 8 256 \u0413\u0411",
      "action_flag": 3,
      "change_message": ""
   }
},
{
   "model": "admin.logentry",
   "pk": 33,
   "fields": {
      "action_time": "2017-11-12T23:47:56.004Z",
      "user": 1,
      "content_type": 8,
      "object_id": "8",
      "object_repr": "39499.05, Apple MacBook 12\" Retina",
      "action_flag": 2,
      "change_message": "[{\"changed\": {\"fields\": [\"price\"]}}]"
   }
},
{
   "model": "admin.logentry",
   "pk": 34,
   "fields": {
      "action_time": "2017-11-12T23:48:33.338Z",
      "user": 1,
      "content_type": 8,
      "object_id": "8",
      "object_repr": "39499.00, Apple MacBook 12\" Retina",
      "action_flag": 2,
      "change_message": "[{\"changed\": {\"fields\": [\"price\"]}}]"
   }
},
{
   "model": "admin.logentry",
   "pk": 35,
   "fields": {
      "action_time": "2017-11-12T23:48:46.151Z",
      "user": 1,
      "content_type": 8,
      "object_id": "6",
      "object_repr": "43799.05, Apple MacBook 12\" Retina",
      "action_flag": 2,
      "change_message": "[{\"changed\": {\"fields\": [\"price\"]}}]"
   }
},
{
   "model": "admin.logentry",
   "pk": 36,
   "fields": {
      "action_time": "2017-11-14T21:03:15.682Z",
      "user": 1,
      "content_type": 14,
      "object_id": "1",
      "object_repr": "\u0421\u0442\u0430\u0442\u0443\u0441 \u041d\u043e\u0432\u0438\u0439",
      "action_flag": 1,
      "change_message": "[{\"added\": {}}]"
   }
},
{
   "model": "admin.logentry",
   "pk": 37,
   "fields": {
      "action_time": "2017-11-14T21:03:27.452Z",
      "user": 1,
      "content_type": 14,
      "object_id": "2",
      "object_repr": "\u0421\u0442\u0430\u0442\u0443\u0441 \u0412\u0456\u0434\u043c\u0456\u043d\u0435\u043d\u043e",
      "action_flag": 1,
      "change_message": "[{\"added\": {}}]"
   }
},
{
   "model": "admin.logentry",
   "pk": 38,
   "fields": {
      "action_time": "2017-11-14T21:03:35.073Z",
      "user": 1,
      "content_type": 14,
      "object_id": "3",
      "object_repr": "\u0421\u0442\u0430\u0442\u0443\u0441 \u0412 \u0440\u043e\u0431\u043e\u0442\u0456",
      "action_flag": 1,
      "change_message": "[{\"added\": {}}]"
   }
},
{
   "model": "admin.logentry",
   "pk": 39,
   "fields": {
      "action_time": "2017-11-14T21:03:46.680Z",
      "user": 1,
      "content_type": 14,
      "object_id": "4",
      "object_repr": "\u0421\u0442\u0430\u0442\u0443\u0441 \u0417\u0430\u043a\u0440\u0438\u0442\u043e",
      "action_flag": 1,
      "change_message": "[{\"added\": {}}]"
   }
},
{
   "model": "admin.logentry",
   "pk": 40,
   "fields": {
      "action_time": "2017-11-14T21:19:59.235Z",
      "user": 1,
      "content_type": 12,
      "object_id": "7",
      "object_repr": "\u0417\u0430\u043c\u043e\u0432\u043b\u0435\u043d\u043d\u044f 7 \u041d\u043e\u0432\u0438\u0439",
      "action_flag": 3,
      "change_message": ""
   }
},
{
   "model": "admin.logentry",
   "pk": 41,
   "fields": {
      "action_time": "2017-11-14T21:19:59.311Z",
      "user": 1,
      "content_type": 12,
      "object_id": "6",
      "object_repr": "\u0417\u0430\u043c\u043e\u0432\u043b\u0435\u043d\u043d\u044f 6 \u041d\u043e\u0432\u0438\u0439",
      "action_flag": 3,
      "change_message": ""
   }
},
{
   "model": "admin.logentry",
   "pk": 42,
   "fields": {
      "action_time": "2017-11-14T21:19:59.386Z",
      "user": 1,
      "content_type": 12,
      "object_id": "5",
      "object_repr": "\u0417\u0430\u043c\u043e\u0432\u043b\u0435\u043d\u043d\u044f 5 \u041d\u043e\u0432\u0438\u0439",
      "action_flag": 3,
      "change_message": ""
   }
},
{
   "model": "admin.logentry",
   "pk": 43,
   "fields": {
      "action_time": "2017-11-14T21:19:59.572Z",
      "user": 1,
      "content_type": 12,
      "object_id": "4",
      "object_repr": "\u0417\u0430\u043c\u043e\u0432\u043b\u0435\u043d\u043d\u044f 4 \u041d\u043e\u0432\u0438\u0439",
      "action_flag": 3,
      "change_message": ""
   }
},
{
   "model": "admin.logentry",
   "pk": 44,
   "fields": {
      "action_time": "2017-11-14T21:19:59.653Z",
      "user": 1,
      "content_type": 12,
      "object_id": "3",
      "object_repr": "\u0417\u0430\u043c\u043e\u0432\u043b\u0435\u043d\u043d\u044f 3 \u041d\u043e\u0432\u0438\u0439",
      "action_flag": 3,
      "change_message": ""
   }
},
{
   "model": "admin.logentry",
   "pk": 45,
   "fields": {
      "action_time": "2017-11-14T21:19:59.723Z",
      "user": 1,
      "content_type": 12,
      "object_id": "2",
      "object_repr": "\u0417\u0430\u043c\u043e\u0432\u043b\u0435\u043d\u043d\u044f 2 \u041d\u043e\u0432\u0438\u0439",
      "action_flag": 3,
      "change_message": ""
   }
},
{
   "model": "admin.logentry",
   "pk": 46,
   "fields": {
      "action_time": "2017-11-14T21:19:59.811Z",
      "user": 1,
      "content_type": 12,
      "object_id": "1",
      "object_repr": "\u0417\u0430\u043c\u043e\u0432\u043b\u0435\u043d\u043d\u044f 1 \u041d\u043e\u0432\u0438\u0439",
      "action_flag": 3,
      "change_message": ""
   }
},
{
   "model": "admin.logentry",
   "pk": 47,
   "fields": {
      "action_time": "2017-11-14T21:20:47.311Z",
      "user": 1,
      "content_type": 4,
      "object_id": "7",
      "object_repr": "0955612602",
      "action_flag": 3,
      "change_message": ""
   }
},
{
   "model": "admin.logentry",
   "pk": 48,
   "fields": {
      "action_time": "2017-11-14T21:20:47.402Z",
      "user": 1,
      "content_type": 4,
      "object_id": "2",
      "object_repr": "0955612607",
      "action_flag": 3,
      "change_message": ""
   }
},
{
   "model": "admin.logentry",
   "pk": 49,
   "fields": {
      "action_time": "2017-11-14T21:20:47.461Z",
      "user": 1,
      "content_type": 4,
      "object_id": "6",
      "object_repr": "0955612608",
      "action_flag": 3,
      "change_message": ""
   }
},
{
   "model": "admin.logentry",
   "pk": 50,
   "fields": {
      "action_time": "2017-11-14T21:20:47.531Z",
      "user": 1,
      "content_type": 4,
      "object_id": "3",
      "object_repr": "0975746373",
      "action_flag": 3,
      "change_message": ""
   }
},
{
   "model": "admin.logentry",
   "pk": 51,
   "fields": {
      "action_time": "2017-11-14T21:20:47.619Z",
      "user": 1,
      "content_type": 4,
      "object_id": "4",
      "object_repr": "1234567",
      "action_flag": 3,
      "change_message": ""
   }
},
{
   "model": "admin.logentry",
   "pk": 52,
   "fields": {
      "action_time": "2017-11-14T21:20:47.673Z",
      "user": 1,
      "content_type": 4,
      "object_id": "5",
      "object_repr": "123456712",
      "action_flag": 3,
      "change_message": ""
   }
},
{
   "model": "admin.logentry",
   "pk": 53,
   "fields": {
      "action_time": "2017-11-14T21:22:49.348Z",
      "user": 1,
      "content_type": 12,
      "object_id": "8",
      "object_repr": "\u0417\u0430\u043c\u043e\u0432\u043b\u0435\u043d\u043d\u044f 8 \u041d\u043e\u0432\u0438\u0439",
      "action_flag": 1,
      "change_message": "[{\"added\": {}}, {\"added\": {\"name\": \"\\u0422\\u043e\\u0432\\u0430\\u0440 \\u0432 \\u0437\\u0430\\u043c\\u043e\\u0432\\u043b\\u0435\\u043d\\u043d\\u0456\", \"object\": \"Apple iPhone 8 256 \\u0413\\u0411\"}}]"
   }
},
{
   "model": "admin.logentry",
   "pk": 54,
   "fields": {
      "action_time": "2017-11-14T22:12:36.807Z",
      "user": 1,
      "content_type": 13,
      "object_id": "1",
      "object_repr": "Apple iPhone 8 256 \u0413\u0411",
      "action_flag": 3,
      "change_message": ""
   }
},
{
   "model": "admin.logentry",
   "pk": 55,
   "fields": {
      "action_time": "2017-11-14T22:12:52.161Z",
      "user": 1,
      "content_type": 11,
      "object_id": "43",
      "object_repr": "Apple MacBook 12\" Retina",
      "action_flag": 3,
      "change_message": ""
   }
},
{
   "model": "admin.logentry",
   "pk": 56,
   "fields": {
      "action_time": "2017-11-14T22:12:52.255Z",
      "user": 1,
      "content_type": 11,
      "object_id": "42",
      "object_repr": "Apple iPhone 8 64 \u0413\u0411",
      "action_flag": 3,
      "change_message": ""
   }
},
{
   "model": "admin.logentry",
   "pk": 57,
   "fields": {
      "action_time": "2017-11-14T22:12:52.318Z",
      "user": 1,
      "content_type": 11,
      "object_id": "41",
      "object_repr": "Apple iPhone 7 256 \u0413\u0411",
      "action_flag": 3,
      "change_message": ""
   }
},
{
   "model": "admin.logentry",
   "pk": 58,
   "fields": {
      "action_time": "2017-11-14T22:12:52.401Z",
      "user": 1,
      "content_type": 11,
      "object_id": "40",
      "object_repr": "Apple iPhone 7 256 \u0413\u0411",
      "action_flag": 3,
      "change_message": ""
   }
},
{
   "model": "admin.logentry",
   "pk": 59,
   "fields": {
      "action_time": "2017-11-14T22:12:52.464Z",
      "user": 1,
      "content_type": 11,
      "object_id": "39",
      "object_repr": "Apple MacBook Air 13\u2033",
      "action_flag": 3,
      "change_message": ""
   }
},
{
   "model": "admin.logentry",
   "pk": 60,
   "fields": {
      "action_time": "2017-11-14T22:12:52.531Z",
      "user": 1,
      "content_type": 11,
      "object_id": "38",
      "object_repr": "Apple iPhone 7 256 \u0413\u0411",
      "action_flag": 3,
      "change_message": ""
   }
},
{
   "model": "admin.logentry",
   "pk": 61,
   "fields": {
      "action_time": "2017-11-14T22:12:52.589Z",
      "user": 1,
      "content_type": 11,
      "object_id": "37",
      "object_repr": "Apple MacBook 12\" Retina",
      "action_flag": 3,
      "change_message": ""
   }
},
{
   "model": "admin.logentry",
   "pk": 62,
   "fields": {
      "action_time": "2017-11-14T22:12:52.671Z",
      "user": 1,
      "content_type": 11,
      "object_id": "36",
      "object_repr": "Apple MacBook 12\" Retina",
      "action_flag": 3,
      "change_message": ""
   }
},
{
   "model": "admin.logentry",
   "pk": 63,
   "fields": {
      "action_time": "2017-11-14T22:12:52.764Z",
      "user": 1,
      "content_type": 11,
      "object_id": "35",
      "object_repr": "Apple iPhone X 256 \u0413\u0411",
      "action_flag": 3,
      "change_message": ""
   }
},
{
   "model": "admin.logentry",
   "pk": 64,
   "fields": {
      "action_time": "2017-11-14T22:12:52.846Z",
      "user": 1,
      "content_type": 11,
      "object_id": "34",
      "object_repr": "Apple iPhone 8 64 \u0413\u0411",
      "action_flag": 3,
      "change_message": ""
   }
},
{
   "model": "admin.logentry",
   "pk": 65,
   "fields": {
      "action_time": "2017-11-14T22:12:52.920Z",
      "user": 1,
      "content_type": 11,
      "object_id": "33",
      "object_repr": "Apple iPhone 8 64 \u0413\u0411",
      "action_flag": 3,
      "change_message": ""
   }
},
{
   "model": "admin.logentry",
   "pk": 66,
   "fields": {
      "action_time": "2017-11-14T22:12:53.020Z",
      "user": 1,
      "content_type": 11,
      "object_id": "32",
      "object_repr": "Apple MacBook 12\" Retina",
      "action_flag": 3,
      "change_message": ""
   }
},
{
   "model": "admin.logentry",
   "pk": 67,
   "fields": {
      "action_time": "2017-11-14T22:12:53.089Z",
      "user": 1,
      "content_type": 11,
      "object_id": "31",
      "object_repr": "Apple iPhone X 256 \u0413\u0411",
      "action_flag": 3,
      "change_message": ""
   }
},
{
   "model": "admin.logentry",
   "pk": 68,
   "fields": {
      "action_time": "2017-11-14T22:12:53.152Z",
      "user": 1,
      "content_type": 11,
      "object_id": "30",
      "object_repr": "Apple iPhone 8 256 \u0413\u0411",
      "action_flag": 3,
      "change_message": ""
   }
},
{
   "model": "admin.logentry",
   "pk": 69,
   "fields": {
      "action_time": "2017-11-14T22:12:53.222Z",
      "user": 1,
      "content_type": 11,
      "object_id": "29",
      "object_repr": "Apple iPhone 7 256 \u0413\u0411",
      "action_flag": 3,
      "change_message": ""
   }
},
{
   "model": "admin.logentry",
   "pk": 70,
   "fields": {
      "action_time": "2017-11-14T22:12:53.306Z",
      "user": 1,
      "content_type": 11,
      "object_id": "28",
      "object_repr": "Apple iPhone 7 256 \u0413\u0411",
      "action_flag": 3,
      "change_message": ""
   }
},
{
   "model": "admin.logentry",
   "pk": 71,
   "fields": {
      "action_time": "2017-11-14T22:12:53.379Z",
      "user": 1,
      "content_type": 11,
      "object_id": "27",
      "object_repr": "Apple iPhone 7 256 \u0413\u0411",
      "action_flag": 3,
      "change_message": ""
   }
},
{
   "model": "admin.logentry",
   "pk": 72,
   "fields": {
      "action_time": "2017-11-14T22:12:53.446Z",
      "user": 1,
      "content_type": 11,
      "object_id": "26",
      "object_repr": "Apple iPhone 7 256 \u0413\u0411",
      "action_flag": 3,
      "change_message": ""
   }
},
{
   "model": "admin.logentry",
   "pk": 73,
   "fields": {
      "action_time": "2017-11-14T22:12:53.540Z",
      "user": 1,
      "content_type": 11,
      "object_id": "25",
      "object_repr": "Apple iPhone 7 256 \u0413\u0411",
      "action_flag": 3,
      "change_message": ""
   }
},
{
   "model": "admin.logentry",
   "pk": 74,
   "fields": {
      "action_time": "2017-11-14T22:12:53.692Z",
      "user": 1,
      "content_type": 11,
      "object_id": "24",
      "object_repr": "Apple iPhone 7 256 \u0413\u0411",
      "action_flag": 3,
      "change_message": ""
   }
},
{
   "model": "admin.logentry",
   "pk": 75,
   "fields": {
      "action_time": "2017-11-14T22:12:53.768Z",
      "user": 1,
      "content_type": 11,
      "object_id": "23",
      "object_repr": "Apple iPhone 7 256 \u0413\u0411",
      "action_flag": 3,
      "change_message": ""
   }
},
{
   "model": "admin.logentry",
   "pk": 76,
   "fields": {
      "action_time": "2017-11-14T22:12:53.846Z",
      "user": 1,
      "content_type": 11,
      "object_id": "22",
      "object_repr": "Apple MacBook 12\" Retina",
      "action_flag": 3,
      "change_message": ""
   }
},
{
   "model": "admin.logentry",
   "pk": 77,
   "fields": {
      "action_time": "2017-11-14T22:12:53.953Z",
      "user": 1,
      "content_type": 11,
      "object_id": "21",
      "object_repr": "Apple iPhone X 256 \u0413\u0411",
      "action_flag": 3,
      "change_message": ""
   }
},
{
   "model": "admin.logentry",
   "pk": 78,
   "fields": {
      "action_time": "2017-11-14T22:13:17.742Z",
      "user": 1,
      "content_type": 12,
      "object_id": "18",
      "object_repr": "\u0417\u0430\u043c\u043e\u0432\u043b\u0435\u043d\u043d\u044f 18 \u041d\u043e\u0432\u0438\u0439",
      "action_flag": 3,
      "change_message": ""
   }
},
{
   "model": "admin.logentry",
   "pk": 79,
   "fields": {
      "action_time": "2017-11-14T22:13:17.830Z",
      "user": 1,
      "content_type": 12,
      "object_id": "17",
      "object_repr": "\u0417\u0430\u043c\u043e\u0432\u043b\u0435\u043d\u043d\u044f 17 \u041d\u043e\u0432\u0438\u0439",
      "action_flag": 3,
      "change_message": ""
   }
},
{
   "model": "admin.logentry",
   "pk": 80,
   "fields": {
      "action_time": "2017-11-14T22:13:17.905Z",
      "user": 1,
      "content_type": 12,
      "object_id": "16",
      "object_repr": "\u0417\u0430\u043c\u043e\u0432\u043b\u0435\u043d\u043d\u044f 16 \u041d\u043e\u0432\u0438\u0439",
      "action_flag": 3,
      "change_message": ""
   }
},
{
   "model": "admin.logentry",
   "pk": 81,
   "fields": {
      "action_time": "2017-11-14T22:13:18.010Z",
      "user": 1,
      "content_type": 12,
      "object_id": "15",
      "object_repr": "\u0417\u0430\u043c\u043e\u0432\u043b\u0435\u043d\u043d\u044f 15 \u041d\u043e\u0432\u0438\u0439",
      "action_flag": 3,
      "change_message": ""
   }
},
{
   "model": "admin.logentry",
   "pk": 82,
   "fields": {
      "action_time": "2017-11-14T22:13:18.096Z",
      "user": 1,
      "content_type": 12,
      "object_id": "14",
      "object_repr": "\u0417\u0430\u043c\u043e\u0432\u043b\u0435\u043d\u043d\u044f 14 \u041d\u043e\u0432\u0438\u0439",
      "action_flag": 3,
      "change_message": ""
   }
},
{
   "model": "admin.logentry",
   "pk": 83,
   "fields": {
      "action_time": "2017-11-14T22:13:18.180Z",
      "user": 1,
      "content_type": 12,
      "object_id": "13",
      "object_repr": "\u0417\u0430\u043c\u043e\u0432\u043b\u0435\u043d\u043d\u044f 13 \u041d\u043e\u0432\u0438\u0439",
      "action_flag": 3,
      "change_message": ""
   }
},
{
   "model": "admin.logentry",
   "pk": 84,
   "fields": {
      "action_time": "2017-11-14T22:13:18.254Z",
      "user": 1,
      "content_type": 12,
      "object_id": "12",
      "object_repr": "\u0417\u0430\u043c\u043e\u0432\u043b\u0435\u043d\u043d\u044f 12 \u041d\u043e\u0432\u0438\u0439",
      "action_flag": 3,
      "change_message": ""
   }
},
{
   "model": "admin.logentry",
   "pk": 85,
   "fields": {
      "action_time": "2017-11-14T22:13:18.321Z",
      "user": 1,
      "content_type": 12,
      "object_id": "11",
      "object_repr": "\u0417\u0430\u043c\u043e\u0432\u043b\u0435\u043d\u043d\u044f 11 \u041d\u043e\u0432\u0438\u0439",
      "action_flag": 3,
      "change_message": ""
   }
},
{
   "model": "admin.logentry",
   "pk": 86,
   "fields": {
      "action_time": "2017-11-14T22:13:18.396Z",
      "user": 1,
      "content_type": 12,
      "object_id": "10",
      "object_repr": "\u0417\u0430\u043c\u043e\u0432\u043b\u0435\u043d\u043d\u044f 10 \u041d\u043e\u0432\u0438\u0439",
      "action_flag": 3,
      "change_message": ""
   }
},
{
   "model": "admin.logentry",
   "pk": 87,
   "fields": {
      "action_time": "2017-11-14T22:13:18.471Z",
      "user": 1,
      "content_type": 12,
      "object_id": "9",
      "object_repr": "\u0417\u0430\u043c\u043e\u0432\u043b\u0435\u043d\u043d\u044f 9 \u041d\u043e\u0432\u0438\u0439",
      "action_flag": 3,
      "change_message": ""
   }
},
{
   "model": "admin.logentry",
   "pk": 88,
   "fields": {
      "action_time": "2017-11-14T22:13:18.554Z",
      "user": 1,
      "content_type": 12,
      "object_id": "8",
      "object_repr": "\u0417\u0430\u043c\u043e\u0432\u043b\u0435\u043d\u043d\u044f 8 \u041d\u043e\u0432\u0438\u0439",
      "action_flag": 3,
      "change_message": ""
   }
}
]
